fold,loss,mse,rmse,mae,r2,mape,medae
1,2.396991729736328,2.3969917335630293,1.5482221202279178,0.638075918201599,0.7344980395066459,2805067477825.677,0.44921942551930744
2,4.880539417266846,4.880539137571479,2.2091942281228873,0.9184676075132344,0.6782364093458284,4193237379527.2305,0.6082526048024496
3,3.3363630771636963,3.3363626076491446,1.826571270892309,0.751469050514492,0.7164653552171005,3219167316329.735,0.5075853777428551
4,3.300654888153076,3.300654848149573,1.8167704445387627,0.7888356483335395,0.7216949423377209,4674591812014.017,0.5471460099021677
5,2.732886552810669,2.732886547085759,1.6531444422934614,0.684305590915832,0.7316112939381539,2941164260405.974,0.45345064749320346
